run_name,operating_time,commission_time,target_design_cost,target_build_cost,ipd_target_cost,design_cost,build_cost,OM_per_year,revenue_per_year,discount_rate,contingency,ipd_contingency,profit_margin,actual_design_progress,actual_build_progress,target_design_progress,target_build_progress,vendor_design,AE_design,constructor_design,utility_design,vendor_build,AE_build,constructor_build,utility_build,vendor_om,AE_om,constructor_om,utility_om,vendor_rev,AE_rev,constructor_rev,utility_rev,vendor_pool,AE_pool,constructor_pool,utility_pool,fixed_price_npv_vendor,fixed_price_npv_AE,fixed_price_npv_constructor,fixed_price_npv_utility,fixed_price_npv_total,cost_plus_npv_vendor,cost_plus_npv_AE,cost_plus_npv_constructor,cost_plus_npv_utility,cost_plus_npv_total,ipd_npv_vendor,ipd_npv_AE,ipd_npv_constructor,ipd_npv_utility,ipd_npv_total
1065 MWe Browns Ferry 1 (Before TMI),60,1,19092641.95,877607247,896699889,19092641.95,2538988258,186610000,1341133200,0.096,0.1,0.1,0.1,"25,50,75,100","48,55,63,70,78,85,93,100","25,50,75,100","30,40,50,60,70,80,90,100",0.25,0,0,0.75,0.15,0,0,0.85,0,0,0,1,0,0,0,1,0.15,0,0,0.85,-147157501.9728237,0.0,0.0,2565879463.1173315,2418721961.144508,22756954.375187013,0.0,0.0,2395965006.769321,2418721961.144508,396958.4638569951,0.0,0.0,2418325002.680651,2418721961.1445084
1084 MWe Diablo Canyon 1 (During TMI),59,1,80326823.34,1289929628,1370256451,80326823.34,10872631202,186610000,1365059520,0.096,0.1,0.1,0.1,"25,50,75,100","34,38.125,42.25,46.375,50.5,54.625,58.75,62.875,67,71.125,75.25,79.375,83.5,87.625,91.75,95.875,100","25,50,75,100","30,40,50,60,70,80,90,100",0.25,0,0,0.75,0.15,0,0,0.85,0,0,0,1,0,0,0,1,0.15,0,0,0.85,-643470090.6403188,0.0,0.0,-2724261222.6673717,-3367731313.3076906,77551305.54292849,0.0,0.0,-3445282618.850623,-3367731313.3076944,1670089.0575050712,0.0,0.0,-3369401402.3651977,-3367731313.3076925
1120 MWe Callaway (After TMI),59,1,62177810.15,3294762106,3356939917,62177810.15,8695573198,186610000,1357503840,0.096,0.1,0.1,0.1,"25,50,75,100","26,33.4,40.8,48.2,55.6,63,70.4,77.8,85.2,92.6,100","25,50,75,100","30,40,50,60,70,80,90,100",0.25,0.75,0,0,0.15,0.2,0.55,0.1,0,0,0,1,0,0,0,1,0.1,0.1,0.3,0.5,-367463731.26702416,-485185074.04164195,-1357853463.470747,824082996.01724,-1386419272.7621732,66683313.82996038,91180879.22457743,239511936.98366827,-1783795402.8003798,-1386419272.7621737,861833.163015455,861833.1630154848,2585499.4890464544,-1390728438.5772514,-1386419272.7621741
1000 MWe Stick Built - To Plan,60,1,187173913,1845000000,2032173913,187173913,1845000000,186610000,457920000,0.096,0.1,0.1,0.1,"25,50,75,100","30,41.67,53.33,65,76.67,83.33,100","25,50,75,100","30,41.67,53.33,65,76.67,83.33,100",0.25,0.75,0,0,0.15,0.2,0.55,0.1,0,0,0,1,0,0,0,1,0.1,0.1,0.3,0.5,15591067.49660252,35136892.50317004,25599881.97060299,-319007751.1780579,-242679909.20768237,19661366.02198561,33047917.794885557,57059596.596356824,-352448789.62091017,-242679909.2076822,16056398.290725842,16056398.290725842,48169194.8721775,-322961900.6613116,-242679909.20768243
1000 MWe Stick Built - Slightly Behind Schedule,60,1,187173913,1845000000,2032173913,187173913,1845000000,186610000,457920000,0.096,0.1,0.1,0.1,"25,50,75,100","30,41.67,53.33,65,74,83,92,100","25,50,75,100","30,41.67,53.33,65,76.67,83.33,100",0.25,0.75,0,0,0.15,0.2,0.55,0.1,0,0,0,1,0,0,0,1,0.1,0.1,0.3,0.5,16712403.682294697,36632007.41742627,29711447.98480761,-402238612.64141583,-319182753.55688727,19549232.403416395,32898406.303459935,56648439.99493636,-428278832.2587,-319182753.5568873,14877243.148091793,14877243.148091793,44631729.44427535,-393568969.2973461,-319182753.55688715
1000 MWe Stick Built - Moderately Behind Schedule,60,1,187173913,1845000000,2032173913,187173913,1845000000,186610000,457920000,0.096,0.1,0.1,0.1,"25,50,75,100","30,41.67,50,62,70,78,85,92,100","25,50,75,100","30,41.67,53.33,65,76.67,83.33,100",0.25,0.75,0,0,0.15,0.2,0.55,0.1,0,0,0,1,0,0,0,1,0.1,0.1,0.3,0.5,19943804.63014266,40940542.014556915,41559918.126916885,-476706990.3432945,-374262725.57167804,19226092.30863159,32467552.84374687,55463592.98072545,-481419963.7047821,-374262725.5716782,13801371.667586274,13801371.667586274,41404115.00275879,-443269583.90960926,-374262725.5716779
1000 MWe Stick Built - Extremely Behind Schedule,60,1,187173913,1845000000,2032173913,187173913,1845000000,186610000,457920000,0.096,0.1,0.1,0.1,"25,50,75,100","30,38,45,54,63,70,78,85,92,100","25,50,75,100","30,41.67,53.33,65,76.67,83.33,100",0.25,0.75,0,0,0.15,0.2,0.55,0.1,0,0,0,1,0,0,0,1,0.1,0.1,0.3,0.5,25834422.631662965,48794699.34991731,63158850.79915798,-542691084.1212746,-404903111.34053636,18637030.50847956,31682137.11021083,53303699.71350132,-508525978.6727276,-404903111.3405359,12819737.105081238,12819737.105081238,38459211.315243684,-469001796.8659421,-404903111.34053594
1000 MWe Stick Built - Slightly Ahead of Schedule,60,1,187173913,1845000000,2032173913,187173913,1845000000,186610000,457920000,0.096,0.1,0.1,0.1,"25,50,75,100","30,49,60,75,89,100","25,50,75,100","30,41.67,53.33,65,76.67,83.33,100",0.25,0.75,0,0,0.15,0.2,0.55,0.1,0,0,0,1,0,0,0,1,0.1,0.1,0.3,0.5,9052123.799070433,26418300.906460613,1623755.0796520114,-231326699.83956,-194232520.05437696,20315260.391738817,33919776.9545565,59457209.28545194,-307924766.68612415,-194232520.0543769,17348752.327052757,17348752.327052757,52046256.98115825,-280976281.6896406,-194232520.0543768
1000 MWe Stick Built - Moderately Ahead of Schedule,60,1,187173913,1845000000,2032173913,187173913,1845000000,186610000,457920000,0.096,0.1,0.1,0.1,"25,50,75,100","30,53,68,85,100","25,50,75,100","30,41.67,53.33,65,76.67,83.33,100",0.25,0.75,0,0,0.15,0.2,0.55,0.1,0,0,0,1,0,0,0,1,0.1,0.1,0.3,0.5,4763334.836810067,20699915.623446792,-14101804.448635995,-133309672.01907644,-121948226.00745557,20744139.287964854,34491615.48285788,61029765.23828074,-238213746.01655868,-121948226.0074552,18765172.350867063,18765172.350867063,56295517.052601166,-215774087.7617903,-121948226.00745502
1000 MWe Stick Built - Slightly Over Budget,60,1,187173913,1845000000,2032173913,187173913,1900350000,186610000,457920000,0.096,0.1,0.1,0.1,"25,50,75,100","30,41.67,53.33,65,76.67,83.33,100","25,50,75,100","30,41.67,53.33,65,76.67,83.33,100",0.25,0.75,0,0,0.15,0.2,0.55,0.1,0,0,0,1,0,0,0,1,0.1,0.1,0.3,0.5,10922555.04780969,28912209.23811294,8482002.99169588,-322120092.8105867,-273803325.53296816,20128217.26686489,33670386.12139125,58771384.49424757,-386373313.4154717,-273803325.532968,14037095.108965034,14037095.108965034,42111285.32689504,-343988801.0777931,-273803325.532968
1000 MWe Stick Built - Moderately Over Budget,60,1,187173913,1845000000,2032173913,187173913,2029500000,186610000,457920000,0.096,0.1,0.1,0.1,"25,50,75,100","30,41.67,53.33,65,76.67,83.33,100","25,50,75,100","30,41.67,53.33,65,76.67,83.33,100",0.25,0.75,0,0,0.15,0.2,0.55,0.1,0,0,0,1,0,0,0,1,0.1,0.1,0.3,0.5,29359.33395974338,14387948.286313027,-31459714.62575382,-329382223.28648615,-346424630.2919672,21217536.838249885,35122812.21657126,62765556.25599253,-465530535.60278124,-346424630.2919676,9325387.684856482,9325387.684856482,27976163.054569416,-393051568.71625006,-346424630.2919677
1000 MWe Stick Built - Extremely Over Budget,60,1,187173913,1845000000,2032173913,187173913,2167875000,186610000,457920000,0.096,0.1,0.1,0.1,"25,50,75,100","30,41.67,53.33,65,76.67,83.33,100","25,50,75,100","30,41.67,53.33,65,76.67,83.33,100",0.25,0.75,0,0,0.15,0.2,0.55,0.1,0,0,0,1,0,0,0,1,0.1,0.1,0.3,0.5,-11641921.788022324,-1173759.8763297498,-74254412.07302141,-337163077.3678076,-424233171.1051811,22384664.950448092,36678983.032835536,67045026.000719294,-550341845.0891844,-424233171.10518146,4277129.730454462,4277129.730454462,12831389.191363355,-445618819.75745404,-424233171.10518175
1000 MWe Stick Built - Slightly Under Budget,60,1,187173913,1845000000,2032173913,187173913,1789650000,186610000,457920000,0.096,0.1,0.1,0.1,"25,50,75,100","30,41.67,53.33,65,76.67,83.33,100","25,50,75,100","30,41.67,53.33,65,76.67,83.33,100",0.25,0.75,0,0,0.15,0.2,0.55,0.1,0,0,0,1,0,0,0,1,0.1,0.1,0.3,0.5,20259579.945395336,41361575.76822713,42717760.94950998,-315895409.54552937,-211556492.88239694,19194514.777106326,32425449.468379844,55347808.69846616,-318524265.826349,-211556492.8823967,14710196.169551963,18075701.47248665,50861599.114525214,-295203989.63896084,-211556492.88239703
1000 MWe Stick Built - Moderately Under Budget,60,1,187173913,1845000000,2032173913,187173913,1660500000,186610000,457920000,0.096,0.1,0.1,0.1,"25,50,75,100","30,41.67,53.33,65,76.67,83.33,100","25,50,75,100","30,41.67,53.33,65,76.67,83.33,100",0.25,0.75,0,0,0.15,0.2,0.55,0.1,0,0,0,1,0,0,0,1,0.1,0.1,0.3,0.5,31152775.659245282,55885836.72002706,82659478.56695974,-308633279.06962943,-138935188.12339735,18105195.205721334,30973023.373199843,51353636.93672115,-239367043.63903964,-138935188.1233973,19421903.593660522,22787408.896595202,64996721.38685089,-246141222.0005039,-138935188.1233973
1000 MWe Stick Built - Extremely Under Budget,60,1,187173913,1845000000,2032173913,187173913,1522125000,186610000,457920000,0.096,0.1,0.1,0.1,"25,50,75,100","30,41.67,53.33,65,76.67,83.33,100","25,50,75,100","30,41.67,53.33,65,76.67,83.33,100",0.25,0.75,0,0,0.15,0.2,0.55,0.1,0,0,0,1,0,0,0,1,0.1,0.1,0.3,0.5,42824056.78122735,71447544.88266982,125454176.01422733,-300852424.98830795,-61126647.31018345,16938067.093523122,29416852.556935567,47074167.19199439,-154555734.15263665,-61126647.31018357,24470161.54806254,27835666.85099722,80141495.25005695,-193573970.9593001,-61126647.31018339
1000 MWe Stick Built - IPD To Plan,60,1,187173913,1845000000,2032173913,187173913,1845000000,186610000,457920000,0.096,0.06,0.1,0.1,"25,50,75,100","30,41.67,53.33,65,76.67,83.33,100","25,50,75,100","30,41.67,53.33,65,76.67,83.33,100",0.1,0.25,0.55,0.1,0.1,0.25,0.55,0.1,0,0,0,1,0,0,0,1,0.1,0.1,0.3,0.5,3434906.083115436,8587265.207788557,18891983.457134962,-273594063.9557215,-242679909.20768255,12014335.252165657,30035838.13041412,66078843.886911064,-350808926.4771731,-242679909.20768225,12845118.63258067,12845118.632580684,38535355.897742026,-306905502.3705857,-242679909.2076823
1000 MWe Stick Built - IPD Slightly Behind Schedule,60,1,187173913,1845000000,2032173913,187173913,1845000000,186610000,457920000,0.096,0.06,0.1,0.1,"25,50,75,100","30,41.67,53.33,65,74,83,92,100","25,50,75,100","30,41.67,53.33,65,76.67,83.33,100",0.1,0.25,0.55,0.1,0.1,0.25,0.55,0.1,0,0,0,1,0,0,0,1,0.1,0.1,0.3,0.5,4182463.540243551,10456158.850608855,23003549.471339583,-356824925.4190794,-319182753.55688745,11939579.506452844,29848948.7661321,65667687.2854906,-426638969.1149632,-319182753.5568876,11901794.518473431,11901794.518473446,35705383.55542031,-378691726.1492543,-319182753.55688715
1000 MWe Stick Built - IPD Moderately Behind Schedule,60,1,187173913,1845000000,2032173913,187173913,1845000000,186610000,457920000,0.096,0.06,0.1,0.1,"25,50,75,100","30,41.67,50,62,70,78,85,92,100","25,50,75,100","30,41.67,53.33,65,76.67,83.33,100",0.1,0.25,0.55,0.1,0.1,0.25,0.55,0.1,0,0,0,1,0,0,0,1,0.1,0.1,0.3,0.5,6336730.838808872,15841827.097022176,34852019.61344892,-431293303.12095743,-374262725.57167745,11724152.776596315,29310381.941490762,64482840.27127969,-479780100.56104505,-374262725.5716783,11041097.334069015,11041097.33406903,33123292.002207063,-429468212.2420228,-374262725.5716777
1000 MWe Stick Built - IPD Extremely Behind Schedule,60,1,187173913,1845000000,2032173913,187173913,1845000000,186610000,457920000,0.096,0.06,0.1,0.1,"25,50,75,100","30,38,45,54,63,70,78,85,92,100","25,50,75,100","30,41.67,53.33,65,76.67,83.33,100",0.1,0.25,0.55,0.1,0.1,0.25,0.55,0.1,0,0,0,1,0,0,0,1,0.1,0.1,0.3,0.5,10263809.506489076,25659523.766222656,56450952.28569001,-497277396.8989378,-404903111.34053606,11331444.909828294,28328612.274570704,62322947.00405556,-506886115.52899057,-404903111.340536,10255789.684064988,10255789.684065003,30767369.052194975,-456182059.760861,-404903111.340536
1000 MWe Stick Built - IPD Slightly Ahead of Schedule,60,1,187173913,1845000000,2032173913,187173913,1845000000,186610000,457920000,0.096,0.06,0.1,0.1,"25,50,75,100","30,49,60,75,89,100","25,50,75,100","30,41.67,53.33,65,76.67,83.33,100",0.1,0.25,0.55,0.1,0.1,0.25,0.55,0.1,0,0,0,1,0,0,0,1,0.1,0.1,0.3,0.5,-924389.7152392864,-2310974.288098246,-5084143.433816016,-185913012.61722317,-194232520.05437672,12450264.83200113,31125662.0800028,68476456.57600617,-306284903.54238707,-194232520.05437696,13879001.861642204,13879001.86164222,41637005.58492663,-263627529.3625879,-194232520.05437684
1000 MWe Stick Built - IPD Moderately Ahead of Schedule,60,1,187173913,1845000000,2032173913,187173913,1845000000,186610000,457920000,0.096,0.06,0.1,0.1,"25,50,75,100","30,53,68,85,100","25,50,75,100","30,41.67,53.33,65,76.67,83.33,100",0.1,0.25,0.55,0.1,0.1,0.25,0.55,0.1,0,0,0,1,0,0,0,1,0.1,0.1,0.3,0.5,-3783582.3567461967,-9458955.891865492,-20809702.962104023,-87895984.79673965,-121948226.00745536,12736184.09615182,31840460.240379523,70049012.52883498,-236573882.8728216,-121948226.00745527,15012137.880693648,15012137.880693663,45036413.64208096,-197008915.4109235,-121948226.00745523
1000 MWe Stick Built - IPD Slightly Over Budget,60,1,187173913,1845000000,2032173913,187173913,1900350000,186610000,457920000,0.096,0.06,0.1,0.1,"25,50,75,100","30,41.67,53.33,65,76.67,83.33,100","25,50,75,100","30,41.67,53.33,65,76.67,83.33,100",0.1,0.25,0.55,0.1,0.1,0.25,0.55,0.1,0,0,0,1,0,0,0,1,0.1,0.1,0.3,0.5,322564.4505868852,806411.1264671683,1774104.4782278538,-276706405.58825004,-273803325.53296816,12325569.415418508,30813923.538546264,67790631.78480181,-384733450.2717346,-273803325.532968,10825815.450819863,10825815.450819863,32477446.352459572,-327932402.7870672,-273803325.53296787
1000 MWe Stick Built - IPD Moderately Over Budget,60,1,187173913,1845000000,2032173913,187173913,2029500000,186610000,457920000,0.096,0.06,0.1,0.1,"25,50,75,100","30,41.67,53.33,65,76.67,83.33,100","25,50,75,100","30,41.67,53.33,65,76.67,83.33,100",0.1,0.25,0.55,0.1,0.1,0.25,0.55,0.1,0,0,0,1,0,0,0,1,0.1,0.1,0.3,0.5,-6939566.025313079,-17348915.0632827,-38167613.13922179,-283968536.06414986,-346424630.2919674,13051782.463008506,32629456.157521255,71784803.54654677,-463890672.4590444,-346424630.29196787,6114108.026711318,6114108.02671131,18342324.080133915,-376995170.4255241,-346424630.2919676
1000 MWe Stick Built - IPD Extremely Over Budget,60,1,187173913,1845000000,2032173913,187173913,2167875000,186610000,457920000,0.096,0.06,0.1,0.1,"25,50,75,100","30,41.67,53.33,65,76.67,83.33,100","25,50,75,100","30,41.67,53.33,65,76.67,83.33,100",0.1,0.25,0.55,0.1,0.1,0.25,0.55,0.1,0,0,0,1,0,0,0,1,0.1,0.1,0.3,0.5,-14720420.106634453,-36801050.266586155,-80962310.58648938,-291749390.14547133,-424233171.10518134,13829867.871140646,34574669.67785161,76064273.29127353,-548701981.9454471,-424233171.1051813,2075501.6631896868,2075501.6631896943,6226504.989569098,-434610679.42112994,-424233171.10518146
1000 MWe Stick Built - IPD Slightly Under Budget,60,1,187173913,1845000000,2032173913,187173913,1789650000,186610000,457920000,0.096,0.06,0.1,0.1,"25,50,75,100","30,41.67,53.33,65,76.67,83.33,100","25,50,75,100","30,41.67,53.33,65,76.67,83.33,100",0.1,0.25,0.55,0.1,0.1,0.25,0.55,0.1,0,0,0,1,0,0,0,1,0.1,0.1,0.3,0.5,6547247.715643972,16368119.289109945,36009862.43604201,-270481722.3231927,-211556492.8823968,11703101.0889128,29257752.722281996,64367055.9890204,-316884402.68261194,-211556492.88239676,8133411.208472126,14191320.753754558,34496749.53422038,-268377974.37884387,-211556492.88239682
1000 MWe Stick Built - IPD Moderately Under Budget,60,1,187173913,1845000000,2032173913,187173913,1660500000,186610000,457920000,0.096,0.06,0.1,0.1,"25,50,75,100","30,41.67,53.33,65,76.67,83.33,100","25,50,75,100","30,41.67,53.33,65,76.67,83.33,100",0.1,0.25,0.55,0.1,0.1,0.25,0.55,0.1,0,0,0,1,0,0,0,1,0.1,0.1,0.3,0.5,13809378.191543944,34523445.47885984,75951580.05349177,-263219591.84729302,-138935188.12339747,10976888.041322798,27442220.103307,60372884.227275394,-237727180.49530226,-138935188.12339705,12845118.63258067,18903028.177863095,48631871.80654606,-219315206.74038708,-138935188.12339726
1000 MWe Stick Built - IPD Extremely Under Budget,60,1,187173913,1845000000,2032173913,187173913,1522125000,186610000,457920000,0.096,0.06,0.1,0.1,"25,50,75,100","30,41.67,53.33,65,76.67,83.33,100","25,50,75,100","30,41.67,53.33,65,76.67,83.33,100",0.1,0.25,0.55,0.1,0.1,0.25,0.55,0.1,0,0,0,1,0,0,0,1,0.1,0.1,0.3,0.5,21590232.272865325,53975580.6821633,118746277.50075933,-255438737.76597136,-61126647.310183406,10198802.63319066,25497006.582976654,56093414.48254863,-152915871.00889933,-61126647.31018338,17893376.58698269,23951286.1322651,63776645.6697521,-166747955.6991833,-61126647.3101834
250 MWe Stick Built,30,1,327757246.4,3230750000,3558507246,327757246.4,3230750000,46652500,114480000,0.096,0.1,0.1,0.1,"25,50,75,100","15,30,45,60,80,100","25,50,75,100","15,30,45,60,80,100",0.25,0.75,0,0,0.15,0.2,0.55,0.1,0,0,0,1,0,0,0,1,0.1,0.1,0.3,0.5,25847547.45207414,59589355.25631526,39497231.6197952,-1936802062.2360516,-1811867927.907867,33736455.31372847,56946682.63428078,97377903.2751902,-1999928969.131067,-1811867927.9078677,30379122.80930389,30379122.8093039,91137368.4279117,-1963763541.954387,-1811867927.9078674
250 MWe Modularized,30,1,231278985.5,2279750000,2511028986,231278985.5,2279750000,46652500,114480000,0.096,0.1,0.1,0.1,"25,50,75,100","15,30,45,60,80,100","25,50,75,100","15,30,45,60,80,100",0.25,0.75,0,0,0.15,0.2,0.55,0.1,0,0,0,1,0,0,0,1,0.1,0.1,0.3,0.5,18239091.94470559,42048698.486438066,27870870.16489297,-1294335727.434828,-1206177066.8387914,23805829.60606727,40183920.05896142,68713851.27032883,-1338880667.774149,-1206177066.8387914,21436757.78796048,21436757.787960473,64310273.36388144,-1313360855.778594,-1206177066.8387916
250 MWe Stick Built - IPD,30,1,327757246.4,3230750000,3558507246,327757246.4,3230750000,46652500,114480000,0.096,0.06,0.1,0.1,"25,50,75,100","15,30,45,60,80,100","25,50,75,100","15,30,45,60,80,100",0.1,0.25,0.55,0.1,0.1,0.25,0.55,0.1,0,0,0,1,0,0,0,1,0.1,0.1,0.3,0.5,5248720.936350152,13121802.340875328,28867965.149925828,-1859106416.3350182,-1811867927.907867,20576611.454596132,51441528.63649033,113171363.00027871,-1997057430.9992325,-1811867927.9078674,24303298.247443117,24303298.24744311,72909894.74232937,-1933384419.1450825,-1811867927.907867
250 MWe Modularized - IPD,30,1,231278985.5,2279750000,2511028986,231278985.5,2279750000,46652500,114480000,0.096,0.06,0.1,0.1,"25,50,75,100","15,30,45,60,80,100","25,50,75,100","15,30,45,60,80,100",0.1,0.25,0.55,0.1,0.1,0.25,0.55,0.1,0,0,0,1,0,0,0,1,0.1,0.1,0.3,0.5,3703713.2410538793,9259283.102634728,20370422.825796425,-1239510486.0082765,-1206177066.8387914,14519702.843905367,36299257.109763406,79858365.64147952,-1336854392.43394,-1206177066.8387916,17149406.230368383,17149406.230368383,51448218.691105135,-1291924097.9906335,-1206177066.8387916
